run,total,blocked,block_rate,unsafe_pass,unsafe_pass_rate
unguarded,47,0,0.000,0,0.000
guarded,47,35,0.745,0,0.000

""""""""""""""""""""""""""""""""""""""
Politiques de sÃ©curitÃ© appliquÃ©es

ğŸ”’ Blocage des tentatives de prise de contrÃ´le du systÃ¨me
â†’ EmpÃªche lâ€™utilisateur de forcer le modÃ¨le Ã  dÃ©sactiver ses protections ou Ã  se comporter comme un dÃ©veloppeur ou un administrateur.

ğŸ›‘ Blocage des commandes dangereuses
â†’ Interdiction de lancer des commandes systÃ¨me comme rm -rf, dâ€™ouvrir des shells, ou dâ€™exÃ©cuter du code malveillant.

ğŸ“¨ Blocage des liens ou instructions externes
â†’ Refus de suivre des liens suspects ou dâ€™obÃ©ir Ã  des consignes provenant de sites inconnus.

ğŸ§¨ Blocage des requÃªtes liÃ©es Ã  la crÃ©ation de virus ou attaques
â†’ EmpÃªche la gÃ©nÃ©ration de contenu liÃ© Ã  des logiciels malveillants, ransomware, keyloggers, etc.

ğŸ•µï¸â€â™‚ï¸ Blocage des tentatives dâ€™usurpation ou dâ€™accÃ¨s aux donnÃ©es privÃ©es
â†’ Refuse de fournir des mots de passe, des clÃ©s API, ou dâ€™accÃ©der Ã  des fichiers sensibles.

ğŸ” Filtrage de la sortie pour Ã©viter toute fuite dâ€™information sensible
â†’ Supprime automatiquement toute rÃ©ponse contenant des secrets, clÃ©s, numÃ©ros de carte, balises de script ou jetons dâ€™authentification.

ğŸ‘ï¸â€ğŸ—¨ï¸ DÃ©tection des donnÃ©es personnelles ou sensibles
â†’ Identifie les emails, clÃ©s privÃ©es ou identifiants potentiels dans les rÃ©ponses pour les bloquer.

"""""""""""""""""""""""""""""""""""""
RÃ©capitulatif des rÃ©sultats :
- 35 attaques bloquÃ©es sur 47 en mode guarded, soit 74.5% de blocage.
- Aucune rÃ©ponse dangereuse gÃ©nÃ©rÃ©e (unsafe_pass = 0).
- 12 attaques restantes non bloquÃ©es â†’ peuvent nÃ©cessiter des regex supplÃ©mentaires ou une analyse plus fine.
